{
  "version": 1,
  "author": "Anonymous maker",
  "editor": "wokwi",
  "parts": [
    { "type": "wokwi-esp32-devkit-v1", "id": "esp", "top": -78.92, "left": -12.95, "attrs": {} },
    {
      "type": "wokwi-dht22",
      "id": "dht1",
      "top": -53.37,
      "left": -134.67,
      "attrs": { "temperature": "29.5", "humidity": "56" }
    },
    { "type": "wokwi-ks2e-m-dc5", "id": "relay1", "top": -45, "left": 307, "attrs": {} },
    {
      "type": "wokwi-led",
      "id": "led1",
      "top": 271.83,
      "left": 187.82,
      "rotate": 180,
      "attrs": { "color": "blue" }
    },
    {
      "type": "wokwi-led",
      "id": "led2",
      "top": 272.92,
      "left": 140.1,
      "rotate": 180,
      "attrs": { "color": "red" }
    },
    {
      "type": "wokwi-resistor",
      "id": "r1",
      "top": 207.45,
      "left": 366.19,
      "rotate": 90,
      "attrs": { "value": "220" }
    },
    {
      "type": "wokwi-resistor",
      "id": "r2",
      "top": 179.45,
      "left": 282.5,
      "rotate": 90,
      "attrs": { "value": "220" }
    },
    { "type": "wokwi-ks2e-m-dc5", "id": "relay2", "top": -56.26, "left": 480.43, "attrs": {} }
  ],
  "connections": [
    [ "esp:TX0", "$serialMonitor:RX", "", [] ],
    [ "esp:RX0", "$serialMonitor:TX", "", [] ],
    [ "dht1:GND", "esp:GND.2", "black", [ "v0" ] ],
    [ "dht1:VCC", "esp:3V3", "red", [ "v123.28", "h226.06" ] ],
    [ "dht1:SDA", "esp:D13", "gold", [ "v0" ] ],
    [ "relay1:COIL2", "esp:GND.1", "black", [ "v-25.16", "h24.23", "v166.49" ] ],
    [ "led2:C", "esp:GND.1", "black", [ "v-7.78", "h14.88", "v49.95", "h-66.6", "v-251.85" ] ],
    [ "led1:C", "esp:GND.1", "black", [ "v-19.22", "h29.26", "v62.74", "h-128.01", "v-253.27" ] ],
    [ "led1:A", "r1:2", "gray", [ "v0" ] ],
    [ "r2:2", "led2:A", "gray", [ "h0" ] ],
    [ "relay2:COIL2", "esp:GND.1", "black", [ "v-18", "h26.63", "v150.23" ] ],
    [ "esp:3V3", "relay1:P1", "red", [ "v0.22", "h267.8" ] ],
    [ "relay2:P1", "esp:3V3", "red", [ "v0" ] ],
    [ "esp:D4", "relay2:COIL1", "purple", [ "h0" ] ],
    [ "relay2:NO1", "r1:1", "green", [ "v0" ] ],
    [ "relay1:NO1", "r2:1", "green", [ "v0" ] ],
    [ "esp:D2", "relay1:COIL1", "green", [ "h0" ] ]
  ]
}